name,email,organization,invited_by
John Doe,john.doe@example.com,Acme Corp,HR Department
Jane Smith,jane.smith@example.com,Tech Inc,HR Department
Bob Johnson,bob.j@example.com,Startup LLC,John Manager
Alice Williams,alice.w@example.com,Enterprise Co,Jane Director
Michael Brown,michael.brown@email.com,Innovate Solutions,Sarah Chen
Emma Davis,emma.davis@email.com,Digital Dynamics,Michael Brown
James Wilson,james.wilson@email.com,Cloud Systems,Emma Davis
Sophia Martinez,sophia.m@email.com,Data Corp,James Wilson
William Anderson,william.a@email.com,AI Technologies,Sophia Martinez
Olivia Thomas,olivia.t@email.com,Blockchain Labs,William Anderson
Benjamin Taylor,ben.taylor@email.com,Cyber Security,Olivia Thomas
Charlotte Moore,charlotte.m@email.com,Software House,Benjamin Taylor
Daniel Jackson,daniel.j@email.com,Web Solutions,Charlotte Moore
Amelia White,amelia.w@email.com,Mobile Apps,Daniel Jackson
Henry Harris,henry.h@email.com,Game Studio,Amelia White
Ella Martin,ella.m@email.com,VR Systems,Henry Harris
Alexander Thompson,alex.t@email.com,Robotics Co,Ella Martin
Mia Garcia,mia.g@email.com,IoT Solutions,Alexander Thompson
David Martinez,david.m@email.com,Smart Devices,Mia Garcia
Isabella Robinson,isabella.r@email.com,Edge Computing,David Martinez
Joseph Clark,joseph.c@email.com,Quantum Tech,Isabella Robinson
Abigail Rodriguez,abigail.r@email.com,Nanotech Labs,Joseph Clark
Samuel Lewis,samuel.l@email.com,Space Systems,Abigail Rodriguez
Emily Lee,emily.lee@email.com,Satellite Co,Samuel Lewis
Christopher Walker,chris.w@email.com,Defense Tech,Emily Lee
Madison Hall,madison.h@email.com,Aerospace Corp,Christopher Walker
Andrew Allen,andrew.a@email.com,Aviation Systems,Madison Hall
Elizabeth Young,liz.y@email.com,Logistics Pro,Andrew Allen
Joshua King,josh.k@email.com,Supply Chain Co,Elizabeth Young
Natalie Wright,natalie.w@email.com,Retail Tech,Joshua King
Ryan Scott,ryan.s@email.com,E-commerce Co,Natalie Wright
Chloe Green,chloe.g@email.com,Marketing Hub,Ryan Scott
Nathan Adams,nathan.a@email.com,Media Group,Chloe Green
Victoria Baker,victoria.b@email.com,Entertainment,Nathan Adams
Tyler Gonzalez,tyler.g@email.com,Streaming Co,Victoria Baker
Grace Nelson,grace.n@email.com,Music Platform,Tyler Gonzalez
Dylan Carter,dylan.c@email.com,Podcast Network,Grace Nelson
Lily Mitchell,lily.m@email.com,Content Studio,Dylan Carter
Cameron Perez,cameron.p@email.com,Creative Agency,Lily Mitchell
Zoe Roberts,zoe.r@email.com,Design Studio,Cameron Perez
Evan Turner,evan.t@email.com,Architecture Co,Zoe Roberts
Hannah Phillips,hannah.p@email.com,Construction Co,Evan Turner
Isaac Campbell,isaac.c@email.com,Engineering Firm,Hannah Phillips
Sofia Parker,sofia.p@email.com,Consulting Group,Isaac Campbell
Lucas Evans,lucas.e@email.com,Financial Services,Sofia Parker
Aria Edwards,aria.e@email.com,Banking Corp,Lucas Evans
Mason Collins,mason.c@email.com,Investment Firm,Aria Edwards
Layla Stewart,layla.s@email.com,Insurance Co,Mason Collins
Logan Sanchez,logan.s@email.com,Real Estate Co,Layla Stewart
Evelyn Morris,evelyn.m@email.com,Property Mgmt,Logan Sanchez
Caleb Rogers,caleb.r@email.com,Hospitality Co,Evelyn Morris
Aubrey Reed,aubrey.r@email.com,Restaurant Group,Caleb Rogers
Jack Cook,jack.c@email.com,Food Corp,Aubrey Reed
Leah Morgan,leah.m@email.com,Beverage Co,Jack Cook
Luke Bell,luke.b@email.com,Agriculture Co,Leah Morgan
Stella Murphy,stella.m@email.com,Farming Corp,Luke Bell
Jayden Bailey,jayden.b@email.com,Biotech Co,Stella Murphy
Anna Rivera,anna.r@email.com,Pharma Corp,Jayden Bailey
David Cooper,david.c@email.com,Medical Devices,Anna Rivera
Scarlett Richardson,scarlett.r@email.com,Healthcare Co,David Cooper
Christopher Cox,chris.c@email.com,Wellness Center,Scarlett Richardson
Victoria Howard,victoria.h@email.com,Fitness Group,Christopher Cox
Daniel Ward,daniel.w@email.com,Sports Tech,Victoria Howard
Emma Brooks,emma.b@email.com,Athletic Co,Daniel Ward
Joseph Bennett,joe.b@email.com,Outdoor Brand,Emma Brooks
Madeline Gray,madeline.g@email.com,Travel Agency,Joseph Bennett
Samuel James,sam.j@email.com,Tourism Board,Madeline Gray
Isabella Reyes,isabella.r2@email.com,Hospitality,Sarah Johnson
Ethan Foster,ethan.f@email.com,Hotel Chain,Michael Smith
Ava Price,ava.p@email.com,Resort Group,David Brown
Alexander Barnes,alex.b@email.com,Spa Centers,Emily Wilson
Mia Flores,mia.f@email.com,Wellness Resort,James Taylor
Noah Simmons,noah.s@email.com,Yoga Studio,Sophia Martinez
Oliver Patterson,oliver.p@email.com,Meditation App,Emma Anderson
Charlotte Hughes,charlotte.h@email.com,Mental Health Co,Daniel Thomas
Liam Bryant,liam.b@email.com,Counseling Services,Olivia Jackson
Amelia Simmons,amelia.s@email.com,Therapy Center,William White
Mason Foster,mason.f@email.com,Rehab Clinic,Charlotte Harris
Evelyn Diaz,evelyn.d@email.com,Senior Care,Benjamin Martin
Lucas Hayes,lucas.h@email.com,Nursing Home,Amelia Thompson
Harper Torres,harper.t@email.com,Assisted Living,Henry Garcia
Elijah Peterson,elijah.p@email.com,Home Health,Mia Robinson
Abigail Russell,abigail.r2@email.com,Hospice Care,Alexander Clark
Michael Griffin,michael.g@email.com,Palliative Care,Isabella Lewis
Elizabeth Campbell,elizabeth.c@email.com,Medical Research,Samuel Walker
Alexander Mitchell,alex.m@email.com,Clinical Trials,Charlotte Hall
Sofia Rodriguez,sofia.r@email.com,Drug Development,Daniel Young
William Stewart,william.s@email.com,Lab Services,Madison King
Olivia Morris,olivia.m@email.com,Diagnostics Co,Christopher Wright
James Reed,james.r@email.com,Testing Center,Elizabeth Lopez
Emma Cook,emma.c@email.com,Pathology Lab,Michael Hill
Benjamin Morgan,ben.m@email.com,Genetic Testing,Emma Scott
Charlotte Bell,charlotte.b@email.com,DNA Analysis,Daniel Green
Daniel Murphy,daniel.m@email.com,Bioinformatics,Joseph Adams
Ava Bailey,ava.b@email.com,Data Science,Matthew Nelson
Joseph Rivera,joe.r@email.com,Machine Learning,David Carter
Mia Cooper,mia.c@email.com,Deep Learning,Christopher Mitchell
David Richardson,david.r@email.com,Neural Networks,Andrew Perez
Sophia Cox,sophia.c@email.com,Computer Vision,James Roberts
Matthew Howard,matt.h@email.com,Image Recognition,Emma Turner
Isabella Ward,isabella.w@email.com,Pattern Detection,Joshua Phillips
Ethan Brooks,ethan.b@email.com,Object Tracking,Sarah Campbell
Amelia Foster,amelia.f@email.com,Autonomous Systems,Michael Parker
Alexander Price,alex.p@email.com,Self-driving Cars,Rebecca Evans
Madison Gray,madison.g@email.com,Drones Tech,Daniel Edwards
Elijah Wood,elijah.w@email.com,Robotics Lab,Christopher Collins
Chloe Barnes,chloe.b@email.com,Industrial Robots,Matthew Stewart
Liam Ross,liam.r@email.com,Manufacturing Tech,Jessica Morris
Ella Henderson,ella.h@email.com,Factory Automation,David Rogers
Mason Coleman,mason.c@email.com,Smart Factories,Sarah Reed
Aria Jenkins,aria.j@email.com,Industry 4.0,Michael Cook
Lucas Perry,lucas.p@email.com,IIoT Solutions,Emily Morgan
Zoe Powell,zoe.p@email.com,Connected Devices,James Bell
Jackson Long,jackson.l@email.com,Sensor Networks,Daniel Bailey
Lily Patterson,lily.p@email.com,Wireless Tech,Amanda Rivera
Caleb Hughes,caleb.h@email.com,5G Solutions,Christopher Cooper
Natalie Flores,natalie.f@email.com,Network Security,David Howard
Ryan Simmons,ryan.s2@email.com,Cybersecurity,Michael Ward
Grace Butler,grace.b@email.com,Threat Detection,Robert Gray
Tyler Sanders,tyler.s@email.com,Risk Management,Elizabeth Brooks
Victoria Price,victoria.p@email.com,Compliance Tech,James Bennett
Jose Torres,jose.t@email.com,Data Privacy,Patricia James
Hannah Murphy,hannah.m@email.com,Encryption Tech,John Foster
Dylan Rivera,dylan.r@email.com,Blockchain Security,Linda Peterson
Sofia Sanders,sofia.s@email.com,Smart Contracts,Charles Morgan
Cameron Mitchell,cameron.m@email.com,Crypto Exchange,Barbara Hughes
Aubrey Carter,aubrey.c@email.com,DeFi Platform,Richard Flores
Evan Phillips,evan.p@email.com,NFT Marketplace,Susan Bailey
Leah Turner,leah.t@email.com,Web3 Services,Kevin Cooper
Luke Parker,luke.p@email.com,Metaverse Co,Donna Rivera
Stella Evans,stella.e@email.com,AR/VR Studio,Paul Sanders
Connor Edwards,connor.e@email.com,3D Modeling,Laura Mitchell
Anna Collins,anna.c@email.com,Rendering Engine,Mark Turner
Isaac Stewart,isaac.s@email.com,Animation Studio,Karen Phillips
Layla Sanchez,layla.s@email.com,VFX Company,Steven Campbell
Nathan Morris,nathan.m@email.com,Post-production,Patricia Parker
Eva Rogers,eva.r@email.com,Editing Software,Ronald Evans
Adrian Reed,adrian.r@email.com,Color Grading,Lisa Edwards
Bella Cook,bella.c@email.com,Sound Design,Donna Collins
Julian Morgan,julian.m@email.com,Music Production,Michelle Stewart
Penelope Bell,penelope.b@email.com,Audio Engineering,Kimberly Sanchez
Hudson Bailey,hudson.b@email.com,Recording Studio,Deborah Morris
Eleanor Murphy,eleanor.m@email.com,Podcast Studio,Stephanie Rogers
Grayson Rivera,grayson.r@email.com,Radio Station,George Ward
Claire Cooper,claire.c@email.com,Broadcast Media,Cynthia Wood
Leo Foster,leo.f@email.com,TV Production,Janet Foster
Nova Richardson,nova.r@email.com,Film Industry,Maria Diaz
Eli Watson,eli.w@email.com,Streaming Service,Frances Gray
Aurora Brooks,aurora.b@email.com,Content Delivery,Raymond James
Mateo Sanders,mateo.s@email.com,CDN Provider,Martha Hughes
Hazel Price,hazel.p@email.com,Cloud Hosting,Peter Robinson
Ezra Torres,ezra.t@email.com,Server Management,Doris Perry
Ivy Jenkins,ivy.j@email.com,Data Centers,Ryan Allen
Silas Hughes,silas.h@email.com,Colocation Services,Alice Young
Luna Bailey,luna.b@email.com,Edge Computing,Billy King
Theodore Cox,theodore.c@email.com,Quantum Computing,Janice Wright
Violet Murphy,violet.m@email.com,Supercomputers,Howard Scott
Miles Richardson,miles.r@email.com,HPC Solutions,Kathryn Green
Sadie Stewart,sadie.s@email.com,Parallel Computing,Jerry Adams
Maxwell Collins,maxwell.c@email.com,Distributed Systems,Terry Baker
Elena Bell,elena.b@email.com,Cluster Computing,Samantha Gonzalez
Riley Cooper,riley.c@email.com,Grid Computing,Bruce Nelson
Zara Bailey,zara.b@email.com,Fog Computing,Mildred Carter
Owen Murphy,owen.m@email.com,Ubiquitous Computing,Rose Mitchell
Lily Cox,lily.c@email.com,Pervasive Computing,Ralph Perez
Declan Stewart,declan.s@email.com,Wearable Tech,Joyce Roberts
Alice Reed,alice.r@email.com,Smart Watches,Bobby Turner
Louis Morgan,louis.m@email.com,Fitness Trackers,Sharon Phillips
Brianna Wood,brianna.w@email.com,Health Monitors,Todd Campbell
Jackson Ward,jackson.w@email.com,Medical Wearables,Joan Parker
Cora Richardson,cora.r@email.com,Assistive Tech,Jason Evans
Hunter Hughes,hunter.h@email.com,Hearing Aids,Kathleen Collins
Kennedy Foster,kennedy.f@email.com,Visual Aids,Christina Stewart
Mackenzie Bailey,mackenzie.b@email.com,Mobility Devices,Jordan Sanchez
Nolan Stewart,nolan.s@email.com,Prosthetics,Theresa Morris
Sawyer Murphy,sawyer.m@email.com,Exoskeletons,Harold Rogers
Gabriella Cox,gabriella.c@email.com,Rehabilitation Tech,Frances Cooper
Kai Williams,kai.w@email.com,Physical Therapy,Janet Peterson
Athena Jones,athena.j@email.com,Occupational Health,Richard Foster
Christian Brown,christian.b@email.com,Sports Medicine,Patricia Ramirez
Julia Davis,julia.d@email.com,Exercise Science,Thomas Ward
Xavier Miller,xavier.m@email.com,Nutrition Tech,Linda Brooks
Sarah Wilson,sarah.w@email.com,Diet Planning,Edward Bailey
Nicholas Moore,nicholas.m@email.com,Meal Delivery,Sharon Long
Hailey Taylor,hailey.t@email.com,Grocery Tech,Dennis Butler
Carter Anderson,carter.a@email.com,Food Delivery,Anna Sanders
Samantha Thomas,samantha.t@email.com,Restaurant Tech,Eric Murphy
Wyatt Jackson,wyatt.j@email.com,Kitchen Automation,Diane Bell
Gabriel White,gabriel.w@email.com,Smart Appliances,Louis Rivera
Naomi Harris,naomi.h@email.com,Home Automation,Catherine Green
Isaac Martin,isaac.m@email.com,Smart Lighting,Lawrence Hall
Lucy Thompson,lucy.t@email.com,Security Systems,Judith Martin
Anthony Garcia,anthony.g@email.com,Surveillance Cameras,Eugene Adams
Alyssa Martinez,alyssa.m@email.com,Access Control,Carl Nelson
Brandon Robinson,brandon.r@email.com,Biometric Security,Susan Wright
Katherine Clark,katherine.c@email.com,Facial Recognition,Jesse Mitchell
Natalie Rodriguez,natalie.r@email.com,Voice Recognition,Melissa Carter
Jasmine Lewis,jasmine.l@email.com,Gesture Control,Patrick Turner
Vanessa Lee,vanessa.l@email.com,Touchless Tech,Denise Phillips
Jocelyn Walker,jocelyn.w@email.com,Proximity Sensors,Jacqueline Campbell
Timothy Hall,timothy.h@email.com,Motion Detection,William Evans
Andrea Allen,andrea.a@email.com,Smart Sensors,Kelly Morris
Scott Young,scott.y@email.com,Environmental Monitoring,Andrea Ward
Christina King,christina.k@email.com,Weather Tech,Christina Cooper
Jesse Wright,jesse.w@email.com,Climate Control,Samuel Foster
Brittany Lopez,brittany.l@email.com,HVAC Systems,Daniel Richardson
Raymond Hill,raymond.h@email.com,Energy Management,Rebecca Stewart
Jordan Scott,jordan.s@email.com,Solar Power,Anthony Bell
Melissa Green,melissa.g@email.com,Wind Energy,Mary Cook
Justin Adams,justin.a@email.com,Battery Storage,David Lee
Maria Baker,maria.b@email.com,Grid Integration,Joseph Davis
Alan Gonzalez,alan.g@email.com,Smart Grid,Charles Wilson
Rebecca Nelson,rebecca.n@email.com,Power Distribution,Patricia Martinez
Peter Carter,peter.c@email.com,Electric Vehicles,Donald Anderson
Carol Mitchell,carol.m@email.com,Charging Stations,George Thomas
Frank Perez,frank.p@email.com,Battery Swapping,Carol Jackson
Diana Roberts,diana.r@email.com,Wireless Charging,Anthony White
Eugene Turner,eugene.t@email.com,Inductive Charging,Jason Harris
Janet Phillips,janet.p@email.com,Power Management,Kimberly Martin
Ralph Campbell,ralph.c@email.com,Energy Efficiency,Linda Thompson
Joyce Parker,joyce.p@email.com,Green Building,Edward Garcia
Bobby Evans,bobby.e@email.com,Sustainable Design,Sarah Martinez
Sharon Collins,sharon.c@email.com,Circular Economy,Michael Robinson
Todd Stewart,todd.s@email.com,Waste Management,Emily Clark
Joan Sanchez,joan.s@email.com,Recycling Tech,David Rodriguez
Jason Morris,jason.m@email.com,Composting,Elizabeth Lewis
Kathleen Rogers,kathleen.r@email.com,Water Treatment,James Walker
Christina Reed,christina.r@email.com,Air Purification,Mary Hall
Jordan Cook,jordan.c@email.com,Environmental Cleanup,Robert Allen
Theresa Morgan,theresa.m@email.com,Carbon Capture,Patricia Young
Harold Bailey,harold.b@email.com,Emissions Reduction,John King
Frances Cooper,frances.c@email.com,Climate Tech,Barbara Wright
Janet Peterson,janet.p@email.com,Green Energy,Margaret Scott
Richard Foster,richard.f@email.com,Clean Tech,Paul Torres
Patricia Ramirez,patricia.r@email.com,Eco-friendly Products,Nancy Nguyen
Thomas Ward,thomas.w@email.com,Sustainable Materials,Mark Kim
Linda Brooks,linda.b@email.com,Biodegradable Plastics,Michelle Park
Edward Bailey,edward.b@email.com,Compostable Goods,Steven Lee
Sharon Long,sharon.l@email.com,Zero Waste Store,Angela Choi
Dennis Butler,dennis.b@email.com,Package Free Shop,Alexander Wu
Anna Sanders,anna.s@email.com,Bulk Refill Store,Victoria Chen
Eric Murphy,eric.m@email.com,Secondhand Market,Daniel Wang
Diane Bell,diane.b@email.com,Upcycled Goods,Sophie Liu
Louis Rivera,louis.r@email.com,Repair Cafe,Matthew Zhao
Catherine Green,catherine.g@email.com,Sharing Economy,Olivia Xu
Lawrence Hall,lawrence.h@email.com,Library of Things,Ethan Zhou
Judith Martin,judith.m@email.com,Tool Libraries,Isabella Tang
Eugene Adams,eugene.a@email.com,Community Workshop,Jacob Feng
Carl Nelson,carl.n@email.com,Maker Spaces,Amanda Guo
Susan Wright,susan.w@email.com,Hackerspaces,Kevin Han
Jesse Mitchell,jesse.m@email.com,Co-working Spaces,Melody Sun
Melissa Carter,melissa.c@email.com,Startup Hubs,Brian Wong
Patrick Turner,patrick.t@email.com,Business Incubators,Jenny Lin
Denise Phillips,denise.p@email.com,Accelerator Programs,Howard Chen
Jacqueline Campbell,jacqueline.c@email.com,Venture Studios,Christine Ma
William Evans,william.e@email.com,Angel Investing,Stanley Park
Kelly Morris,kelly.m@email.com,Crowdfunding,Glenda Kim
Andrea Ward,andrea.w@email.com,Peer-to-peer Lending,Terry Hong
Christina Cooper,christina.c@email.com,Microfinance,Veronica Chu
Samuel Foster,samuel.f@email.com,Impact Investing,Lester Lai
Daniel Richardson,daniel.r@email.com,ESG Funds,Connie Cheung
Rebecca Stewart,rebecca.s@email.com,SRI Investing,Marvin Yip
Anthony Bell,anthony.b@email.com,Green Bonds,Sylvia Wong
Mary Cook,mary.c@email.com,Climate Finance,Raymond Lam
David Lee,david.l@email.com,Carbon Credits,Florence Hui
Joseph Davis,joseph.d@email.com,Emissions Trading,Wallace Tang
Charles Wilson,charles.w@email.com,Cap and Trade,Vivian Ma
Patricia Martinez,patricia.m@email.com,Carbon Tax,Francis Cheuk
Donald Anderson,donald.a@email.com,Environmental Policy,Brenda Fong
George Thomas,george.t@email.com,Climate Legislation,Roger Lau
Carol Jackson,carol.j@email.com,Green New Deal,Rita Chan
Anthony White,anthony.w@email.com,Renewable Standards,Calvin Ho
Jason Harris,jason.h@email.com,Energy Policy,Stella Kwok
Kimberly Martin,kimberly.m@email.com,Clean Air Act,Marcus Leung
Linda Thompson,linda.t@email.com,Water Quality Laws,Penny Tsang
Edward Garcia,edward.g@email.com,Waste Management Regs,Albert Ma
Sarah Martinez,sarah.m@email.com,Chemical Safety,Grace Fung
Michael Robinson,michael.r@email.com,Product Compliance,Philip Cheung
Emily Clark,emily.c@email.com,Consumer Protection,Angela Lau
David Rodriguez,david.r@email.com,Data Privacy Laws,Benson Yuen
Elizabeth Lewis,elizabeth.l@email.com,GDPR Compliance,Catherine Ho
James Walker,james.w@email.com,CCPA Enforcement,Dennis Mok
Mary Hall,mary.h@email.com,Information Security,Gary Poon
Robert Allen,robert.a@email.com,Cyber Laws,Heidi Lam
Patricia Young,patricia.y@email.com,Digital Rights,Ivan Choi
John King,john.k@email.com,Internet Governance,Judy Ma
Barbara Wright,barbara.w@email.com,Net Neutrality,Kenneth Ng
Margaret Scott,margaret.s@email.com,Telecom Regulation,Leslie Kwok
Paul Torres,paul.t@email.com,Broadband Access,Michelle Chu
Nancy Nguyen,nancy.n@email.com,Digital Divide,Winnie Leung
Mark Kim,mark.k@email.com,Universal Service,Boris Cheung
Michelle Park,michelle.p@email.com,Rural Connectivity,Caroline Mok
Steven Lee,steven.l@email.com,5G Deployment,Dominic Fong
Angela Choi,angela.c@email.com,Infrastructure Investment,Eleanor Tang
Alexander Wu,alex.w@email.com,Broadband Grants,Felix Hui
Victoria Chen,victoria.c@email.com,Digital Equity,Gloria Ma
Daniel Wang,daniel.w@email.com,Technology Access,Hugo Lam
Sophie Liu,sophie.l@email.com,Computer Literacy,Iris Poon
Matthew Zhao,matthew.z@email.com,Digital Skills Training,Jackie Chan
Olivia Xu,olivia.x@email.com,STEM Education,Keith Wong
Ethan Zhou,ethan.z@email.com,Online Learning,Kylie Ho
Isabella Tang,isabella.t@email.com,EdTech Platforms,Lawrence Yu
Jacob Feng,jacob.f@email.com,Educational Software,Monica Tsang
Amanda Guo,amanda.g@email.com,Learning Management,Moses Leung
Kevin Han,kevin.h@email.com,Student Information,Natasha Cheng
Melody Sun,melody.s@email.com,School Administration,Oscar Ma
Brian Wong,brian.w@email.com,University Systems,Peggy Lau
Jenny Lin,jenny.l@email.com,Research Platforms,Raymond Ng
Howard Chen,howard.c@email.com,Academic Databases,Samantha Ho
Christine Ma,christine.m@email.com,Digital Libraries,Timothy Cheng
Stanley Park,stanley.p@email.com,Knowledge Management,Ursula Fung
Glenda Kim,glenda.k@email.com,Content Management,Victor Lam
Terry Hong,terry.h@email.com,Document Management,Wanda Cheung
Veronica Chu,veronica.c@email.com,Record Keeping,Xavier Ma
Lester Lai,lester.l@email.com,Archival Systems,Yolanda Hui
Connie Cheung,connie.c@email.com,Preservation Tech,Zachary Fong